{
    "1": [
        {
            "Record ID": "1",
            "INPUT": "POWER COMPANY 1401 MAIN ST FALLS CHURCH, VA 22042-1441",
            "WWNWFFW,TN": [
                [
                    "USAD_ORG",
                    "WW",
                    "POWER COMPANY"
                ],
                [
                    "USAD_MGN",
                    "N",
                    "1401"
                ],
                [
                    "USAD_SNM",
                    "W",
                    "MAIN"
                ],
                [
                    "USAD_SFX",
                    "F",
                    "ST"
                ],
                [
                    "USAD_CTY",
                    "FW",
                    "FALLS CHURCH"
                ],
                [
                    "USAD_STA",
                    "T",
                    "VA"
                ],
                [
                    "USAD_ZIP",
                    "N",
                    "22042-1441"
                ]
            ]
        }
    ],
    "2": [
        {
            "Record ID": "2",
            "INPUT": "HAMIL PLC 42 Shub Farm Lane Soddy Daisy, TN 37379",
            "WWNWRFWW,TN": [
                [
                    "USAD_ORG",
                    "WW",
                    "HAMIL PLC"
                ],
                [
                    "USAD_SNO",
                    "N",
                    "42"
                ],
                [
                    "USAD_SNM",
                    "W",
                    "SHUB"
                ],
                [
                    "USAD_SFX",
                    "RF",
                    "FARM LANE"
                ],
                [
                    "USAD_CTY",
                    "WW",
                    "SODDY DAISY"
                ],
                [
                    "USAD_STA",
                    "T",
                    "TN"
                ],
                [
                    "USAD_ZIP",
                    "N",
                    "37379"
                ]
            ]
        }
    ],
    "3": [
        {
            "Record ID": "3",
            "INPUT": "Rowe Ltd 7383 Birch Hill Street Silver Spring, MD 20901",
            "WWNWFFWF,TN": [
                [
                    "USAD_ORG",
                    "WW",
                    "ROWE LTD"
                ],
                [
                    "USAD_SNO",
                    "N",
                    "7383"
                ],
                [
                    "USAD_SNM",
                    "W",
                    "BIRCH"
                ],
                [
                    "USAD_SFX",
                    "FF",
                    "HILL STREET"
                ],
                [
                    "USAD_CTY",
                    "WF",
                    "SILVER SPRING"
                ],
                [
                    "USAD_STA",
                    "T",
                    "MD"
                ],
                [
                    "USAD_ZIP",
                    "N",
                    "20901"
                ]
            ]
        }
    ],
    "4": [
        {
            "Record ID": "4",
            "INPUT": "Lacy Vasquez Goyette Group 6 Myrtle Circle Rockledge, FL 32955",
            "WWWWNWFW,TN": [
                [
                    "USAD_ORG",
                    "WWWW",
                    "LACY VASQUEZ GOYETTE GROUP"
                ],
                [
                    "USAD_SNO",
                    "N",
                    "6"
                ],
                [
                    "USAD_SNM",
                    "W",
                    "MYRTLE"
                ],
                [
                    "USAD_SFX",
                    "F",
                    "CIRCLE"
                ],
                [
                    "USAD_CTY",
                    "W",
                    "ROCKLEDGE"
                ],
                [
                    "USAD_STA",
                    "T",
                    "FL"
                ],
                [
                    "USAD_ZIP",
                    "N",
                    "32955"
                ]
            ]
        }
    ],
    "5": [
        {
            "Record ID": "5",
            "INPUT": "Huel Ltd 33 Hamilton Rd Defiance, OH 43512",
            "WWNWFW,TN": [
                [
                    "USAD_ORG",
                    "WW",
                    "HUEL LTD"
                ],
                [
                    "USAD_SNO",
                    "N",
                    "33"
                ],
                [
                    "USAD_SNM",
                    "W",
                    "HAMILTON"
                ],
                [
                    "USAD_SFX",
                    "F",
                    "RD"
                ],
                [
                    "USAD_CTY",
                    "W",
                    "DEFIANCE"
                ],
                [
                    "USAD_STA",
                    "T",
                    "OH"
                ],
                [
                    "USAD_ZIP",
                    "N",
                    "43512"
                ]
            ]
        }
    ],
    "6": [
        {
            "Record ID": "6",
            "INPUT": "Farrell-Grant INC 84 N Ann Dr Oxnard, CA 93035",
            "WWNDWFW,TN": [
                [
                    "USAD_ORG",
                    "WW",
                    "FARRELL-GRANT INC"
                ],
                [
                    "USAD_SNO",
                    "N",
                    "84"
                ],
                [
                    "USAD_SPR",
                    "D",
                    "N"
                ],
                [
                    "USAD_SNM",
                    "W",
                    "ANN"
                ],
                [
                    "USAD_SFX",
                    "F",
                    "DR"
                ],
                [
                    "USAD_CTY",
                    "W",
                    "OXNARD"
                ],
                [
                    "USAD_STA",
                    "T",
                    "CA"
                ],
                [
                    "USAD_ZIP",
                    "N",
                    "93035"
                ]
            ]
        }
    ],
    "7": [
        {
            "Record ID": "7",
            "INPUT": "Kuhic and Sons 7024 West Santa Clara Ave Coachella, CA 92236",
            "WWWNDWWFW,TN": [
                [
                    "USAD_ORG",
                    "WWW",
                    "KUHIC AND SONS"
                ],
                [
                    "USAD_SNO",
                    "N",
                    "7024"
                ],
                [
                    "USAD_SPR",
                    "D",
                    "WEST"
                ],
                [
                    "USAD_SNM",
                    "WW",
                    "SANTA CLARA"
                ],
                [
                    "USAD_SFX",
                    "F",
                    "AVE"
                ],
                [
                    "USAD_CTY",
                    "W",
                    "COACHELLA"
                ],
                [
                    "USAD_STA",
                    "T",
                    "CA"
                ],
                [
                    "USAD_ZIP",
                    "N",
                    "92236"
                ]
            ]
        }
    ],
    "8": [
        {
            "Record ID": "8",
            "INPUT": "Orn LLC 262 East Central St Altamonte Springs, FL 32714",
            "WWNDWFWF,TN": [
                [
                    "USAD_ORG",
                    "WW",
                    "ORN LLC"
                ],
                [
                    "USAD_SNO",
                    "N",
                    "262"
                ],
                [
                    "USAD_SPR",
                    "D",
                    "EAST"
                ],
                [
                    "USAD_SNM",
                    "W",
                    "CENTRAL"
                ],
                [
                    "USAD_SFX",
                    "F",
                    "ST"
                ],
                [
                    "USAD_CTY",
                    "WF",
                    "ALTAMONTE SPRINGS"
                ],
                [
                    "USAD_STA",
                    "T",
                    "FL"
                ],
                [
                    "USAD_ZIP",
                    "N",
                    "32714"
                ]
            ]
        }
    ],
    "9": [
        {
            "Record ID": "9",
            "INPUT": "Accent-e-Technology 642 Pleasant Ave Uniontown, PA 15401",
            "WNWFW,TN": [
                [
                    "USAD_ORG",
                    "W",
                    "ACCENT-E-TECHNOLOGY"
                ],
                [
                    "USAD_SNO",
                    "N",
                    "642"
                ],
                [
                    "USAD_SNM",
                    "W",
                    "PLEASANT"
                ],
                [
                    "USAD_SFX",
                    "F",
                    "AVE"
                ],
                [
                    "USAD_CTY",
                    "W",
                    "UNIONTOWN"
                ],
                [
                    "USAD_STA",
                    "T",
                    "PA"
                ],
                [
                    "USAD_ZIP",
                    "N",
                    "15401"
                ]
            ]
        }
    ],
    "10": [
        {
            "Record ID": "10",
            "INPUT": "Tech RayanINC 752 Sunbeam Ave Saint Charles, IL 60174",
            "WWNWFWW,TN": [
                [
                    "USAD_ORG",
                    "WW",
                    "TECH RAYANINC"
                ],
                [
                    "USAD_SNO",
                    "N",
                    "752"
                ],
                [
                    "USAD_SNM",
                    "W",
                    "SUNBEAM"
                ],
                [
                    "USAD_SFX",
                    "F",
                    "AVE"
                ],
                [
                    "USAD_CTY",
                    "WW",
                    "SAINT CHARLES"
                ],
                [
                    "USAD_STA",
                    "T",
                    "IL"
                ],
                [
                    "USAD_ZIP",
                    "N",
                    "60174"
                ]
            ]
        }
    ],
    "11": [
        {
            "Record ID": "11",
            "INPUT": "Design Graphic Co 8046 Primrose St Tampa, FL 33604",
            "WWTNWFW,TN": [
                [
                    "USAD_ORG",
                    "WWT",
                    "DESIGN GRAPHIC CO"
                ],
                [
                    "USAD_SNO",
                    "N",
                    "8046"
                ],
                [
                    "USAD_SNM",
                    "W",
                    "PRIMROSE"
                ],
                [
                    "USAD_SFX",
                    "F",
                    "ST"
                ],
                [
                    "USAD_CTY",
                    "W",
                    "TAMPA"
                ],
                [
                    "USAD_STA",
                    "T",
                    "FL"
                ],
                [
                    "USAD_ZIP",
                    "N",
                    "33604"
                ]
            ]
        }
    ],
    "12": [
        {
            "Record ID": "12",
            "INPUT": "Alphalinx India Pvt Ltd 9497 Broad St Shepherdsville, KY 40165",
            "WWWWNWFW,FN": [
                [
                    "USAD_ORG",
                    "WWWW",
                    "ALPHALINX INDIA PVT LTD"
                ],
                [
                    "USAD_SNO",
                    "N",
                    "9497"
                ],
                [
                    "USAD_SNM",
                    "W",
                    "BROAD"
                ],
                [
                    "USAD_SFX",
                    "F",
                    "ST"
                ],
                [
                    "USAD_CTY",
                    "W",
                    "SHEPHERDSVILLE"
                ],
                [
                    "USAD_STA",
                    "F",
                    "KY"
                ],
                [
                    "USAD_ZIP",
                    "N",
                    "40165"
                ]
            ]
        }
    ],
    "13": [
        {
            "Record ID": "13",
            "INPUT": "Phoenix Solutions 838 St Paul Drive Ravenna, OH 44266",
            "WWNFWFW,TN": [
                [
                    "USAD_ORG",
                    "WW",
                    "PHOENIX SOLUTIONS"
                ],
                [
                    "USAD_SNO",
                    "N",
                    "838"
                ],
                [
                    "USAD_SNM",
                    "FW",
                    "ST PAUL"
                ],
                [
                    "USAD_SFX",
                    "F",
                    "DRIVE"
                ],
                [
                    "USAD_CTY",
                    "W",
                    "RAVENNA"
                ],
                [
                    "USAD_STA",
                    "T",
                    "OH"
                ],
                [
                    "USAD_ZIP",
                    "N",
                    "44266"
                ]
            ]
        }
    ],
    "14": [
        {
            "Record ID": "14",
            "INPUT": "Alpha Org 42 South Hilldale Circle New Philadelphia, OH 44663",
            "WWNDWFWW,TN": [
                [
                    "USAD_ORG",
                    "WW",
                    "ALPHA ORG"
                ],
                [
                    "USAD_SNO",
                    "N",
                    "42"
                ],
                [
                    "USAD_SPR",
                    "D",
                    "SOUTH"
                ],
                [
                    "USAD_SNM",
                    "W",
                    "HILLDALE"
                ],
                [
                    "USAD_SFX",
                    "F",
                    "CIRCLE"
                ],
                [
                    "USAD_CTY",
                    "WW",
                    "NEW PHILADELPHIA"
                ],
                [
                    "USAD_STA",
                    "T",
                    "OH"
                ],
                [
                    "USAD_ZIP",
                    "N",
                    "44663"
                ]
            ]
        }
    ],
    "15": [
        {
            "Record ID": "15",
            "INPUT": "Alpha Data Solutions 9193 Bank Street Independence, KY 41051",
            "WWWNWFW,FN": [
                [
                    "USAD_ORG",
                    "WWW",
                    "ALPHA DATA SOLUTIONS"
                ],
                [
                    "USAD_SNO",
                    "N",
                    "9193"
                ],
                [
                    "USAD_SNM",
                    "W",
                    "BANK"
                ],
                [
                    "USAD_SFX",
                    "F",
                    "STREET"
                ],
                [
                    "USAD_CTY",
                    "W",
                    "INDEPENDENCE"
                ],
                [
                    "USAD_STA",
                    "F",
                    "KY"
                ],
                [
                    "USAD_ZIP",
                    "N",
                    "41051"
                ]
            ]
        }
    ],
    "16": [
        {
            "Record ID": "16",
            "INPUT": "Helios Innovations 9465 Sulphur Springs Ave Watertown, MA 02472",
            "WWNWFFW,TN": [
                [
                    "USAD_ORG",
                    "WW",
                    "HELIOS INNOVATIONS"
                ],
                [
                    "USAD_MGN",
                    "N",
                    "9465"
                ],
                [
                    "USAD_SNM",
                    "W",
                    "SULPHUR"
                ],
                [
                    "USAD_SFX",
                    "F",
                    "SPRINGS"
                ],
                [
                    "USAD_CTY",
                    "FW",
                    "AVE WATERTOWN"
                ],
                [
                    "USAD_STA",
                    "T",
                    "MA"
                ],
                [
                    "USAD_ZIP",
                    "N",
                    "02472"
                ]
            ]
        }
    ],
    "17": [
        {
            "Record ID": "17",
            "INPUT": "Steel one LLC 22 Ben street Bentonville, AR 84934",
            "WWWNWFW,TN": [
                [
                    "USAD_ORG",
                    "WWW",
                    "STEEL ONE LLC"
                ],
                [
                    "USAD_SNO",
                    "N",
                    "22"
                ],
                [
                    "USAD_SNM",
                    "W",
                    "BEN"
                ],
                [
                    "USAD_SFX",
                    "F",
                    "STREET"
                ],
                [
                    "USAD_CTY",
                    "W",
                    "BENTONVILLE"
                ],
                [
                    "USAD_STA",
                    "T",
                    "AR"
                ],
                [
                    "USAD_ZIP",
                    "N",
                    "84934"
                ]
            ]
        }
    ],
    "18": [
        {
            "Record ID": "18",
            "INPUT": "Invent Inc 52 Nash Drive Jacksonville, FL 38492",
            "WWNWFW,TN": [
                [
                    "USAD_ORG",
                    "WW",
                    "INVENT INC"
                ],
                [
                    "USAD_SNO",
                    "N",
                    "52"
                ],
                [
                    "USAD_SNM",
                    "W",
                    "NASH"
                ],
                [
                    "USAD_SFX",
                    "F",
                    "DRIVE"
                ],
                [
                    "USAD_CTY",
                    "W",
                    "JACKSONVILLE"
                ],
                [
                    "USAD_STA",
                    "T",
                    "FL"
                ],
                [
                    "USAD_ZIP",
                    "N",
                    "38492"
                ]
            ]
        }
    ],
    "19": [
        {
            "Record ID": "19",
            "INPUT": "Johnson Inc 123 Main St New York, NY 10001",
            "WWNWFWW,TN": [
                [
                    "USAD_ORG",
                    "WW",
                    "JOHNSON INC"
                ],
                [
                    "USAD_SNO",
                    "N",
                    "123"
                ],
                [
                    "USAD_SNM",
                    "W",
                    "MAIN"
                ],
                [
                    "USAD_SFX",
                    "F",
                    "ST"
                ],
                [
                    "USAD_CTY",
                    "WW",
                    "NEW YORK"
                ],
                [
                    "USAD_STA",
                    "T",
                    "NY"
                ],
                [
                    "USAD_ZIP",
                    "N",
                    "10001"
                ]
            ]
        }
    ],
    "20": [
        {
            "Record ID": "20",
            "INPUT": "Smith Enterprises 456 Park Ave Los Angeles, CA 90001",
            "WWNFFWW,TN": [
                [
                    "USAD_ORG",
                    "WW",
                    "SMITH ENTERPRISES"
                ],
                [
                    "USAD_SNO",
                    "N",
                    "456"
                ],
                [
                    "USAD_SNM",
                    "F",
                    "PARK"
                ],
                [
                    "USAD_SFX",
                    "F",
                    "AVE"
                ],
                [
                    "USAD_CTY",
                    "WW",
                    "LOS ANGELES"
                ],
                [
                    "USAD_STA",
                    "T",
                    "CA"
                ],
                [
                    "USAD_ZIP",
                    "N",
                    "90001"
                ]
            ]
        }
    ],
    "21": [
        {
            "Record ID": "21",
            "INPUT": "Brown Corporation 789 Market St Houston, TX 77024",
            "WWNRFW,TN": [
                [
                    "USAD_ORG",
                    "WW",
                    "BROWN CORPORATION"
                ],
                [
                    "USAD_SNO",
                    "N",
                    "789"
                ],
                [
                    "USAD_SNM",
                    "R",
                    "MARKET"
                ],
                [
                    "USAD_SFX",
                    "F",
                    "ST"
                ],
                [
                    "USAD_CTY",
                    "W",
                    "HOUSTON"
                ],
                [
                    "USAD_STA",
                    "T",
                    "TX"
                ],
                [
                    "USAD_ZIP",
                    "N",
                    "77024"
                ]
            ]
        }
    ],
    "22": [
        {
            "Record ID": "22",
            "INPUT": "Davis LLC 111 Market Pl Chicago, IL 60601",
            "WWNRFW,TN": [
                [
                    "USAD_ORG",
                    "WW",
                    "DAVIS LLC"
                ],
                [
                    "USAD_SNO",
                    "N",
                    "111"
                ],
                [
                    "USAD_SNM",
                    "R",
                    "MARKET"
                ],
                [
                    "USAD_SFX",
                    "F",
                    "PL"
                ],
                [
                    "USAD_CTY",
                    "W",
                    "CHICAGO"
                ],
                [
                    "USAD_STA",
                    "T",
                    "IL"
                ],
                [
                    "USAD_ZIP",
                    "N",
                    "60601"
                ]
            ]
        }
    ],
    "23": [
        {
            "Record ID": "23",
            "INPUT": "Wilson Inc 333 Main St Miami, FL 33102",
            "WWNWFW,TN": [
                [
                    "USAD_ORG",
                    "WW",
                    "WILSON INC"
                ],
                [
                    "USAD_SNO",
                    "N",
                    "333"
                ],
                [
                    "USAD_SNM",
                    "W",
                    "MAIN"
                ],
                [
                    "USAD_SFX",
                    "F",
                    "ST"
                ],
                [
                    "USAD_CTY",
                    "W",
                    "MIAMI"
                ],
                [
                    "USAD_STA",
                    "T",
                    "FL"
                ],
                [
                    "USAD_ZIP",
                    "N",
                    "33102"
                ]
            ]
        }
    ],
    "24": [
        {
            "Record ID": "24",
            "INPUT": "Anderson LLC 444 Market St San Francisco, CA 94102",
            "WWNRFWW,TN": [
                [
                    "USAD_ORG",
                    "WW",
                    "ANDERSON LLC"
                ],
                [
                    "USAD_SNO",
                    "N",
                    "444"
                ],
                [
                    "USAD_SNM",
                    "R",
                    "MARKET"
                ],
                [
                    "USAD_SFX",
                    "F",
                    "ST"
                ],
                [
                    "USAD_CTY",
                    "WW",
                    "SAN FRANCISCO"
                ],
                [
                    "USAD_STA",
                    "T",
                    "CA"
                ],
                [
                    "USAD_ZIP",
                    "N",
                    "94102"
                ]
            ]
        }
    ],
    "25": [
        {
            "Record ID": "25",
            "INPUT": "Thomas Inc 555 Main St Philadelphia, PA 19102",
            "WWNWFW,TN": [
                [
                    "USAD_ORG",
                    "WW",
                    "THOMAS INC"
                ],
                [
                    "USAD_SNO",
                    "N",
                    "555"
                ],
                [
                    "USAD_SNM",
                    "W",
                    "MAIN"
                ],
                [
                    "USAD_SFX",
                    "F",
                    "ST"
                ],
                [
                    "USAD_CTY",
                    "W",
                    "PHILADELPHIA"
                ],
                [
                    "USAD_STA",
                    "T",
                    "PA"
                ],
                [
                    "USAD_ZIP",
                    "N",
                    "19102"
                ]
            ]
        }
    ],
    "26": [
        {
            "Record ID": "26",
            "INPUT": "Jackson Enterprises 666 Market St Dallas, TX 75201",
            "WWNRFW,TN": [
                [
                    "USAD_ORG",
                    "WW",
                    "JACKSON ENTERPRISES"
                ],
                [
                    "USAD_SNO",
                    "N",
                    "666"
                ],
                [
                    "USAD_SNM",
                    "R",
                    "MARKET"
                ],
                [
                    "USAD_SFX",
                    "F",
                    "ST"
                ],
                [
                    "USAD_CTY",
                    "W",
                    "DALLAS"
                ],
                [
                    "USAD_STA",
                    "T",
                    "TX"
                ],
                [
                    "USAD_ZIP",
                    "N",
                    "75201"
                ]
            ]
        }
    ],
    "27": [
        {
            "Record ID": "27",
            "INPUT": "Baker Corporation 777 Main St Atlanta, GA 30301",
            "WWNWFW,TN": [
                [
                    "USAD_ORG",
                    "WW",
                    "BAKER CORPORATION"
                ],
                [
                    "USAD_SNO",
                    "N",
                    "777"
                ],
                [
                    "USAD_SNM",
                    "W",
                    "MAIN"
                ],
                [
                    "USAD_SFX",
                    "F",
                    "ST"
                ],
                [
                    "USAD_CTY",
                    "W",
                    "ATLANTA"
                ],
                [
                    "USAD_STA",
                    "T",
                    "GA"
                ],
                [
                    "USAD_ZIP",
                    "N",
                    "30301"
                ]
            ]
        }
    ],
    "28": [
        {
            "Record ID": "28",
            "INPUT": "Nelson LLC 888 Market St Seattle, WA 98109",
            "WWNRFW,TN": [
                [
                    "USAD_ORG",
                    "WW",
                    "NELSON LLC"
                ],
                [
                    "USAD_SNO",
                    "N",
                    "888"
                ],
                [
                    "USAD_SNM",
                    "R",
                    "MARKET"
                ],
                [
                    "USAD_SFX",
                    "F",
                    "ST"
                ],
                [
                    "USAD_CTY",
                    "W",
                    "SEATTLE"
                ],
                [
                    "USAD_STA",
                    "T",
                    "WA"
                ],
                [
                    "USAD_ZIP",
                    "N",
                    "98109"
                ]
            ]
        }
    ],
    "29": [
        {
            "Record ID": "29",
            "INPUT": "ACME Inc 123 Main St Houston, TX 77002",
            "WWNWFW,TN": [
                [
                    "USAD_ORG",
                    "WW",
                    "ACME INC"
                ],
                [
                    "USAD_SNO",
                    "N",
                    "123"
                ],
                [
                    "USAD_SNM",
                    "W",
                    "MAIN"
                ],
                [
                    "USAD_SFX",
                    "F",
                    "ST"
                ],
                [
                    "USAD_CTY",
                    "W",
                    "HOUSTON"
                ],
                [
                    "USAD_STA",
                    "T",
                    "TX"
                ],
                [
                    "USAD_ZIP",
                    "N",
                    "77002"
                ]
            ]
        }
    ],
    "30": [
        {
            "Record ID": "30",
            "INPUT": "Smith Enterprises 456 Park Ave Los Angeles,CA ,90001",
            "WWNFFWW,T,N": [
                [
                    "USAD_ORG",
                    "WW",
                    "SMITH ENTERPRISES"
                ],
                [
                    "USAD_SNO",
                    "N",
                    "456"
                ],
                [
                    "USAD_SNM",
                    "F",
                    "PARK"
                ],
                [
                    "USAD_SFX",
                    "F",
                    "AVE"
                ],
                [
                    "USAD_CTY",
                    "WW",
                    "LOS ANGELES"
                ],
                [
                    "USAD_STA",
                    "T",
                    "CA"
                ],
                [
                    "USAD_ZIP",
                    "N",
                    "90001"
                ]
            ]
        }
    ],
    "31": [
        {
            "Record ID": "31",
            "INPUT": "Brown Corporation 789 Market St New York,NY 10001",
            "WWNRFWW,TN": [
                [
                    "USAD_ORG",
                    "WW",
                    "BROWN CORPORATION"
                ],
                [
                    "USAD_SNO",
                    "N",
                    "789"
                ],
                [
                    "USAD_SNM",
                    "R",
                    "MARKET"
                ],
                [
                    "USAD_SFX",
                    "F",
                    "ST"
                ],
                [
                    "USAD_CTY",
                    "WW",
                    "NEW YORK"
                ],
                [
                    "USAD_STA",
                    "T",
                    "NY"
                ],
                [
                    "USAD_ZIP",
                    "N",
                    "10001"
                ]
            ]
        }
    ],
    "32": [
        {
            "Record ID": "32",
            "INPUT": "Davis LLC 111 Market Pl Chicago ,IL 60601",
            "WWNRFW,TN": [
                [
                    "USAD_ORG",
                    "WW",
                    "DAVIS LLC"
                ],
                [
                    "USAD_SNO",
                    "N",
                    "111"
                ],
                [
                    "USAD_SNM",
                    "R",
                    "MARKET"
                ],
                [
                    "USAD_SFX",
                    "F",
                    "PL"
                ],
                [
                    "USAD_CTY",
                    "W",
                    "CHICAGO"
                ],
                [
                    "USAD_STA",
                    "T",
                    "IL"
                ],
                [
                    "USAD_ZIP",
                    "N",
                    "60601"
                ]
            ]
        }
    ],
    "33": [
        {
            "Record ID": "33",
            "INPUT": "Wilson Inc 333 Main St Miami, FL 33102",
            "WWNWFW,TN": [
                [
                    "USAD_ORG",
                    "WW",
                    "WILSON INC"
                ],
                [
                    "USAD_SNO",
                    "N",
                    "333"
                ],
                [
                    "USAD_SNM",
                    "W",
                    "MAIN"
                ],
                [
                    "USAD_SFX",
                    "F",
                    "ST"
                ],
                [
                    "USAD_CTY",
                    "W",
                    "MIAMI"
                ],
                [
                    "USAD_STA",
                    "T",
                    "FL"
                ],
                [
                    "USAD_ZIP",
                    "N",
                    "33102"
                ]
            ]
        }
    ],
    "34": [
        {
            "Record ID": "34",
            "INPUT": "Anderson LLC 444 Market St San Francisco, CA 94102",
            "WWNRFWW,TN": [
                [
                    "USAD_ORG",
                    "WW",
                    "ANDERSON LLC"
                ],
                [
                    "USAD_SNO",
                    "N",
                    "444"
                ],
                [
                    "USAD_SNM",
                    "R",
                    "MARKET"
                ],
                [
                    "USAD_SFX",
                    "F",
                    "ST"
                ],
                [
                    "USAD_CTY",
                    "WW",
                    "SAN FRANCISCO"
                ],
                [
                    "USAD_STA",
                    "T",
                    "CA"
                ],
                [
                    "USAD_ZIP",
                    "N",
                    "94102"
                ]
            ]
        }
    ],
    "35": [
        {
            "Record ID": "35",
            "INPUT": "Thomas Inc 555 Main St Philadelphia, PA 19102",
            "WWNWFW,TN": [
                [
                    "USAD_ORG",
                    "WW",
                    "THOMAS INC"
                ],
                [
                    "USAD_SNO",
                    "N",
                    "555"
                ],
                [
                    "USAD_SNM",
                    "W",
                    "MAIN"
                ],
                [
                    "USAD_SFX",
                    "F",
                    "ST"
                ],
                [
                    "USAD_CTY",
                    "W",
                    "PHILADELPHIA"
                ],
                [
                    "USAD_STA",
                    "T",
                    "PA"
                ],
                [
                    "USAD_ZIP",
                    "N",
                    "19102"
                ]
            ]
        }
    ],
    "36": [
        {
            "Record ID": "36",
            "INPUT": "Jackson Enterprises 666 Market St Dallas, TX 75201",
            "WWNRFW,TN": [
                [
                    "USAD_ORG",
                    "WW",
                    "JACKSON ENTERPRISES"
                ],
                [
                    "USAD_SNO",
                    "N",
                    "666"
                ],
                [
                    "USAD_SNM",
                    "R",
                    "MARKET"
                ],
                [
                    "USAD_SFX",
                    "F",
                    "ST"
                ],
                [
                    "USAD_CTY",
                    "W",
                    "DALLAS"
                ],
                [
                    "USAD_STA",
                    "T",
                    "TX"
                ],
                [
                    "USAD_ZIP",
                    "N",
                    "75201"
                ]
            ]
        }
    ],
    "37": [
        {
            "Record ID": "37",
            "INPUT": "Baker Corporation 777 Main St Atlanta, GA 30301",
            "WWNWFW,TN": [
                [
                    "USAD_ORG",
                    "WW",
                    "BAKER CORPORATION"
                ],
                [
                    "USAD_SNO",
                    "N",
                    "777"
                ],
                [
                    "USAD_SNM",
                    "W",
                    "MAIN"
                ],
                [
                    "USAD_SFX",
                    "F",
                    "ST"
                ],
                [
                    "USAD_CTY",
                    "W",
                    "ATLANTA"
                ],
                [
                    "USAD_STA",
                    "T",
                    "GA"
                ],
                [
                    "USAD_ZIP",
                    "N",
                    "30301"
                ]
            ]
        }
    ],
    "38": [
        {
            "Record ID": "38",
            "INPUT": "Nelson LLC 888 Market St Seattle, WA 98109",
            "WWNRFW,TN": [
                [
                    "USAD_ORG",
                    "WW",
                    "NELSON LLC"
                ],
                [
                    "USAD_SNO",
                    "N",
                    "888"
                ],
                [
                    "USAD_SNM",
                    "R",
                    "MARKET"
                ],
                [
                    "USAD_SFX",
                    "F",
                    "ST"
                ],
                [
                    "USAD_CTY",
                    "W",
                    "SEATTLE"
                ],
                [
                    "USAD_STA",
                    "T",
                    "WA"
                ],
                [
                    "USAD_ZIP",
                    "N",
                    "98109"
                ]
            ]
        }
    ],
    "39": [
        {
            "Record ID": "39",
            "INPUT": "John Inc 1243 Baker StreetLR, AR 72209",
            "WWNWW,TN": [
                [
                    "USAD_ORG",
                    "WW",
                    "JOHN INC"
                ],
                [
                    "USAD_SNO",
                    "N",
                    "1243"
                ],
                [
                    "USAD_SNM",
                    "W",
                    "BAKER"
                ],
                [
                    "USAD_SFX",
                    "W",
                    "STREETLR"
                ],
                [
                    "USAD_STA",
                    "T",
                    "AR"
                ],
                [
                    "USAD_ZIP",
                    "N",
                    "72209"
                ]
            ]
        }
    ],
    "40": [
        {
            "Record ID": "40",
            "INPUT": "Max Enterprises 890 Main Street LA, CA 90001",
            "WWNWFT,TN": [
                [
                    "USAD_ORG",
                    "WW",
                    "MAX ENTERPRISES"
                ],
                [
                    "USAD_SNO",
                    "N",
                    "890"
                ],
                [
                    "USAD_SNM",
                    "W",
                    "MAIN"
                ],
                [
                    "USAD_SFX",
                    "F",
                    "STREET"
                ],
                [
                    "USAD_CTY",
                    "T",
                    "LA"
                ],
                [
                    "USAD_STA",
                    "T",
                    "CA"
                ],
                [
                    "USAD_ZIP",
                    "N",
                    "90001"
                ]
            ]
        }
    ],
    "41": [
        {
            "Record ID": "41",
            "INPUT": "Green Solutions 734 Hillside Ave CHI, IL 60601",
            "FWNWFW,TN": [
                [
                    "USAD_ORG",
                    "FW",
                    "GREEN SOLUTIONS"
                ],
                [
                    "USAD_SNO",
                    "N",
                    "734"
                ],
                [
                    "USAD_SNM",
                    "W",
                    "HILLSIDE"
                ],
                [
                    "USAD_SFX",
                    "F",
                    "AVE"
                ],
                [
                    "USAD_CTY",
                    "W",
                    "CHI"
                ],
                [
                    "USAD_STA",
                    "T",
                    "IL"
                ],
                [
                    "USAD_ZIP",
                    "N",
                    "60601"
                ]
            ]
        }
    ],
    "42": [
        {
            "Record ID": "42",
            "INPUT": "Fast Delivery Inc 123 Oak Drive BOS, MA 02111",
            "WWWNWFW,TN": [
                [
                    "USAD_ORG",
                    "WWW",
                    "FAST DELIVERY INC"
                ],
                [
                    "USAD_SNO",
                    "N",
                    "123"
                ],
                [
                    "USAD_SNM",
                    "W",
                    "OAK"
                ],
                [
                    "USAD_SFX",
                    "F",
                    "DRIVE"
                ],
                [
                    "USAD_CTY",
                    "W",
                    "BOS"
                ],
                [
                    "USAD_STA",
                    "T",
                    "MA"
                ],
                [
                    "USAD_ZIP",
                    "N",
                    "02111"
                ]
            ]
        }
    ],
    "43": [
        {
            "Record ID": "43",
            "INPUT": "Best Services LLC 567 Elm Street AUS, TX 78701",
            "WWWNWFW,TN": [
                [
                    "USAD_ORG",
                    "WWW",
                    "BEST SERVICES LLC"
                ],
                [
                    "USAD_SNO",
                    "N",
                    "567"
                ],
                [
                    "USAD_SNM",
                    "W",
                    "ELM"
                ],
                [
                    "USAD_SFX",
                    "F",
                    "STREET"
                ],
                [
                    "USAD_CTY",
                    "W",
                    "AUS"
                ],
                [
                    "USAD_STA",
                    "T",
                    "TX"
                ],
                [
                    "USAD_ZIP",
                    "N",
                    "78701"
                ]
            ]
        }
    ],
    "44": [
        {
            "Record ID": "44",
            "INPUT": "Quality Products Inc 4412 Maple Street MIN, MN 55406",
            "WWWNWFW,TN": [
                [
                    "USAD_ORG",
                    "WWW",
                    "QUALITY PRODUCTS INC"
                ],
                [
                    "USAD_SNO",
                    "N",
                    "4412"
                ],
                [
                    "USAD_SNM",
                    "W",
                    "MAPLE"
                ],
                [
                    "USAD_SFX",
                    "F",
                    "STREET"
                ],
                [
                    "USAD_CTY",
                    "W",
                    "MIN"
                ],
                [
                    "USAD_STA",
                    "T",
                    "MN"
                ],
                [
                    "USAD_ZIP",
                    "N",
                    "55406"
                ]
            ]
        }
    ],
    "45": [
        {
            "Record ID": "45",
            "INPUT": "Tech Innovations 987 Cedar Street SEA, WA 98104",
            "WWNWFW,TN": [
                [
                    "USAD_ORG",
                    "WW",
                    "TECH INNOVATIONS"
                ],
                [
                    "USAD_SNO",
                    "N",
                    "987"
                ],
                [
                    "USAD_SNM",
                    "W",
                    "CEDAR"
                ],
                [
                    "USAD_SFX",
                    "F",
                    "STREET"
                ],
                [
                    "USAD_CTY",
                    "W",
                    "SEA"
                ],
                [
                    "USAD_STA",
                    "T",
                    "WA"
                ],
                [
                    "USAD_ZIP",
                    "N",
                    "98104"
                ]
            ]
        }
    ],
    "46": [
        {
            "Record ID": "46",
            "INPUT": "Global Traders 789 Hill Road PHX, AZ 85022",
            "WWNFFW,TN": [
                [
                    "USAD_ORG",
                    "WW",
                    "GLOBAL TRADERS"
                ],
                [
                    "USAD_SNO",
                    "N",
                    "789"
                ],
                [
                    "USAD_SNM",
                    "F",
                    "HILL"
                ],
                [
                    "USAD_SFX",
                    "F",
                    "ROAD"
                ],
                [
                    "USAD_CTY",
                    "W",
                    "PHX"
                ],
                [
                    "USAD_STA",
                    "T",
                    "AZ"
                ],
                [
                    "USAD_ZIP",
                    "N",
                    "85022"
                ]
            ]
        }
    ],
    "47": [
        {
            "Record ID": "47",
            "INPUT": "Modern Designs 1256 South Street DAL, TX 75201",
            "WWNDFW,TN": [
                [
                    "USAD_ORG",
                    "WW",
                    "MODERN DESIGNS"
                ],
                [
                    "USAD_SNO",
                    "N",
                    "1256"
                ],
                [
                    "USAD_SNM",
                    "D",
                    "SOUTH"
                ],
                [
                    "USAD_SFX",
                    "F",
                    "STREET"
                ],
                [
                    "USAD_CTY",
                    "W",
                    "DAL"
                ],
                [
                    "USAD_STA",
                    "T",
                    "TX"
                ],
                [
                    "USAD_ZIP",
                    "N",
                    "75201"
                ]
            ]
        }
    ]
}